decade,rank_parent,contracts_n,hires_n,hiring_rate_within_decade_rank,total_hires_decade,hiring_share_within_decade
1700.0,Medical,736,578,78.53,35976,1.61
1700.0,Military,17018,12971,76.22,35976,36.05
1700.0,Other,656,513,78.2,35976,1.43
1700.0,Sea,23988,17732,73.92,35976,49.29
1700.0,Ship,4795,3569,74.43,35976,9.92
1700.0,Trade,266,229,86.09,35976,0.64
1700.0,Unknown,707,384,54.31,35976,1.07
1710.0,Medical,918,588,64.05,41787,1.41
1710.0,Military,20285,15173,74.8,41787,36.31
1710.0,Other,781,549,70.29,41787,1.31
1710.0,Sea,33368,21614,64.77,41787,51.72
1710.0,Ship,5508,3392,61.58,41787,8.12
1710.0,Trade,332,255,76.81,41787,0.61
1710.0,Unknown,455,216,47.47,41787,0.52
1720.0,Medical,1084,646,59.59,45048,1.43
1720.0,Military,26063,17247,66.17,45048,38.29
1720.0,Other,1227,819,66.75,45048,1.82
1720.0,Sea,37403,22155,59.23,45048,49.18
1720.0,Ship,6571,3736,56.86,45048,8.29
1720.0,Trade,363,265,73.0,45048,0.59
1720.0,Unknown,546,180,32.97,45048,0.4
1730.0,Medical,1136,619,54.49,48783,1.27
1730.0,Military,26062,16167,62.03,48783,33.14
1730.0,Other,3039,1959,64.46,48783,4.02
1730.0,Sea,43671,26148,59.87,48783,53.6
1730.0,Ship,6509,3549,54.52,48783,7.28
1730.0,Trade,389,293,75.32,48783,0.6
1730.0,Unknown,75,48,64.0,48783,0.1
1740.0,Medical,956,553,57.85,49477,1.12
1740.0,Military,31117,20528,65.97,49477,41.49
1740.0,Other,1991,1301,65.34,49477,2.63
1740.0,Sea,37620,23535,62.56,49477,47.57
1740.0,Ship,5314,3270,61.54,49477,6.61
1740.0,Trade,298,236,79.19,49477,0.48
1740.0,Unknown,87,54,62.07,49477,0.11
1750.0,Medical,914,543,59.41,51757,1.05
1750.0,Military,31322,18604,59.4,51757,35.94
1750.0,Other,2476,1593,64.34,51757,3.08
1750.0,Sea,44630,27465,61.54,51757,53.07
1750.0,Ship,5353,3208,59.93,51757,6.2
1750.0,Trade,334,272,81.44,51757,0.53
1750.0,Unknown,107,72,67.29,51757,0.14
1760.0,Medical,932,505,54.18,55797,0.91
1760.0,Military,32458,18499,56.99,55797,33.15
1760.0,Other,2645,1659,62.72,55797,2.97
1760.0,Sea,51798,31300,60.43,55797,56.1
1760.0,Ship,6237,3620,58.04,55797,6.49
1760.0,Trade,250,170,68.0,55797,0.3
1760.0,Unknown,83,44,53.01,55797,0.08
1770.0,Medical,1090,600,55.05,50293,1.19
1770.0,Military,26665,14554,54.58,50293,28.94
1770.0,Other,3067,1941,63.29,50293,3.86
1770.0,Sea,50972,29588,58.05,50293,58.83
1770.0,Ship,5906,3423,57.96,50293,6.81
1770.0,Trade,194,149,76.8,50293,0.3
1770.0,Unknown,82,38,46.34,50293,0.08
1780.0,Medical,927,546,58.9,38036,1.44
1780.0,Military,23387,10234,43.76,38036,26.91
1780.0,Other,1455,820,56.36,38036,2.16
1780.0,Sea,37175,23216,62.45,38036,61.04
1780.0,Ship,4631,2942,63.53,38036,7.73
1780.0,Trade,185,142,76.76,38036,0.37
1780.0,Unknown,325,136,41.85,38036,0.36
