class_or_average,precision,recall,f1-score,support
Chamber,0.13552145229963036,0.5359918578830496,0.21634238338872908,10808.0
Death,0.683638196744923,0.21611592355237846,0.32841216712937743,87851.0
Irregular exit,0.04227678571428571,0.21775120717406302,0.07080638528543122,4349.0
Other,0.062421972534332085,0.010347682119205299,0.01775252973548731,4832.0
Repatriated,0.41285515981093285,0.46094991466070273,0.4355789551740758,50973.0
Unknown / unclear,0.06869490432165126,0.12263698301506573,0.08806201550387598,10421.0
accuracy,0.29869884302208777,0.29869884302208777,0.29869884302208777,0.29869884302208777
macro avg,0.23423474523762589,0.26063226140074414,0.19282573936949618,169234.0
weighted avg,0.4949882142478968,0.29869884302208777,0.3232432212976742,169234.0
