decade,rank_parent,Attrition,Death,Repatriated,Unknown,recruitment_share
1700,Medical,0.002717391304347826,0.3858695652173913,0.5706521739130435,0.04076086956521739,0.016066266399822105
1700,Military,0.020037607239393584,0.5361969679163239,0.33611470208015043,0.1076507227641321,0.36054591950189013
1700,Other,0.010670731707317074,0.44359756097560976,0.42378048780487804,0.12195121951219512,0.014259506337558372
1700,Sea,0.03501750875437719,0.38039853259963313,0.4611472402868101,0.12343671835917959,0.49288414498554595
1700,Ship,0.009801876955161626,0.4127215849843587,0.5105318039624609,0.06694473409801877,0.09920502557260395
1700,Trade,0.007518796992481203,0.5263157894736842,0.32706766917293234,0.13909774436090225,0.006365354680898377
1700,Unknown,0.021216407355021217,0.19236209335219237,0.24611032531824611,0.5403111739745403,0.01067378252168112
1710,Medical,0.0032679738562091504,0.30718954248366015,0.644880174291939,0.044662309368191724,0.014071361906813124
1710,Military,0.01626817845698792,0.5987182647276312,0.29741188070002467,0.08760167611535617,0.3631033575035298
1710,Other,0.016645326504481434,0.4519846350832266,0.4647887323943662,0.06658130601792574,0.013138057290544906
1710,Sea,0.017292016303044833,0.36720810357228484,0.5327259649964038,0.08277391512826661,0.5172422045133654
1710,Ship,0.007443718228031954,0.38235294117647056,0.5617283950617284,0.04847494553376906,0.08117357072773829
1710,Trade,0.024096385542168676,0.5632530120481928,0.33433734939759036,0.0783132530120482,0.006102376337138345
1710,Unknown,0.0,0.38461538461538464,0.3032967032967033,0.3120879120879121,0.005169071720870127
1720,Medical,0.0027675276752767526,0.3062730627306273,0.6512915129151291,0.03966789667896679,0.014340259278991298
1720,Military,0.02394198672447531,0.6328127997544412,0.25188965199708396,0.09135556152399954,0.382858284496537
1720,Other,0.009779951100244499,0.46536267318663405,0.44987775061124696,0.07497962510187449,0.018180607352157697
1720,Sea,0.020239018260567333,0.36828596636633426,0.5058150415742053,0.10565997379889314,0.49180873734683006
1720,Ship,0.009739765636889362,0.40876578907320044,0.5119464312889971,0.06954801400091311,0.08293375954537383
1720,Trade,0.005509641873278237,0.5730027548209367,0.3305785123966942,0.09090909090909091,0.0058826141005150065
1720,Unknown,0.007326007326007326,0.2271062271062271,0.18864468864468864,0.5769230769230769,0.003995737879595098
1730,Medical,0.0035211267605633804,0.35827464788732394,0.585387323943662,0.0528169014084507,0.012688846524403993
1730,Military,0.022715064077967924,0.7218939452075819,0.15570562504796254,0.09968536566648761,0.3314064325687227
1730,Other,0.011846001974333662,0.6080947680157947,0.2816716025008226,0.09838762750904903,0.040157431892257546
1730,Sea,0.02420370497584209,0.45824460168074926,0.42112614778686086,0.09642554555654782,0.5360063956706229
1730,Ship,0.01136887386695345,0.4840989399293286,0.43201720694423107,0.07251497925948687,0.07275075333620319
1730,Trade,0.007712082262210797,0.5809768637532133,0.3264781491002571,0.08483290488431877,0.0060061906811799196
1730,Unknown,0.04,0.5333333333333333,0.22666666666666666,0.2,0.0009839493266096796
1740,Medical,0.012552301255230125,0.4424686192468619,0.47175732217573224,0.07322175732217573,0.011176910483659075
1740,Military,0.032072500562393545,0.7278015232830929,0.10087733393321978,0.13924864222129382,0.414899852456697
1740,Other,0.02059266700150678,0.6629834254143646,0.2250125565042692,0.09141135107985937,0.026295046183074964
1740,Sea,0.031924508240297716,0.4607123870281765,0.38902179691653377,0.11834130781499203,0.47567556642480346
1740,Ship,0.01618366578848325,0.5739555890101619,0.3276251411366202,0.08223560406473467,0.06609131515653738
1740,Trade,0.013422818791946308,0.6879194630872483,0.2214765100671141,0.07718120805369127,0.0047698930816338905
1740,Unknown,0.10344827586206896,0.5747126436781609,0.16091954022988506,0.16091954022988506,0.0010914162135941953
1750,Medical,0.00437636761487965,0.3971553610503282,0.537199124726477,0.061269146608315096,0.01049133450547752
1750,Military,0.03479982121192772,0.6916863546389119,0.11800012770576591,0.1555136964433944,0.3594489634252372
1750,Other,0.02382875605815832,0.6215670436187399,0.231421647819063,0.12318255250403877,0.03077844542767162
1750,Sea,0.02953170513107775,0.4447008738516693,0.4056016132646202,0.12016580775263276,0.5306528585505342
1750,Ship,0.01232953484027648,0.5426863441061087,0.36372127778815616,0.08126284326545861,0.06198195413180826
1750,Trade,0.014970059880239521,0.6227544910179641,0.25449101796407186,0.10778443113772455,0.005255327781749328
1750,Unknown,0.018691588785046728,0.3925233644859813,0.11214953271028037,0.4766355140186916,0.001391116177521881
1760,Medical,0.002145922746781116,0.37124463519313305,0.5622317596566524,0.06437768240343347,0.009050665806405362
1760,Military,0.033828331998274695,0.6904923285476616,0.10610635282518947,0.16957298662887424,0.33154112228256
1760,Other,0.025330812854442344,0.6756143667296787,0.18525519848771266,0.11379962192816635,0.029732781332329695
1760,Sea,0.026333063052627514,0.47887949341673425,0.3572145642688907,0.13757287926174755,0.5609620588920551
1760,Ship,0.021645021645021644,0.5549142215808882,0.33205066538399874,0.0913900913900914,0.06487804003799487
1760,Trade,0.032,0.516,0.32,0.132,0.0030467587863146762
1760,Unknown,0.012048192771084338,0.27710843373493976,0.20481927710843373,0.5060240963855421,0.0007885728623402691
1770,Medical,0.011009174311926606,0.47155963302752296,0.43486238532110094,0.08256880733944955,0.011930089674507387
1770,Military,0.020326270391899492,0.6883555222201387,0.07522970185636603,0.21608850553159573,0.28938420853796754
1770,Other,0.013694163677861103,0.7270948809911966,0.11379197913270296,0.14541897619823932,0.038593840097031394
1770,Sea,0.02554343561170839,0.4779290590912658,0.3283763634936828,0.168151141803343,0.5883124888155409
1770,Ship,0.008804605485946495,0.5856755841517102,0.29546224178801217,0.11005756857433119,0.06806116159306465
1770,Trade,0.0,0.5824742268041238,0.211340206185567,0.20618556701030927,0.0029626389358360012
1770,Unknown,0.0,0.2804878048780488,0.04878048780487805,0.6707317073170732,0.0007555723460521345
1780,Medical,0.010787486515641856,0.43905070118662354,0.2988133764832794,0.2513484358144552,0.014354821747817856
1780,Military,0.025313208192585625,0.4394321631675717,0.05922093470731603,0.4760336939325266,0.26906088968345776
1780,Other,0.016494845360824743,0.5463917525773195,0.08934707903780069,0.34776632302405497,0.021558523504048795
1780,Sea,0.04338937457969065,0.43378614660390047,0.2172427706792199,0.305581708137189,0.6103691239878011
1780,Ship,0.022025480457784494,0.5946879723601813,0.19347873029583243,0.18980781688620169,0.07734777579135556
1780,Trade,0.043243243243243246,0.4810810810810811,0.13513513513513514,0.34054054054054056,0.0037333052897255232
1780,Unknown,0.052307692307692305,0.2276923076923077,0.04,0.68,0.003575559995793459
