decade,rank_parent,contracts_n,deaths_n,repatriated_n,first_contracts_n,death_repatriated_n,death_rate,repatriated_rate,death_repatriated_rate,first_contracts_total_decade,first_contract_share_within_decade,first_contract_minus_death_share,first_contract_minus_repatriated_share,first_contract_minus_death_repatriated_share
1700,Medical,736,284,408,552,692,38.59,55.43,94.02,34823,1.59,0.24,-0.48,-0.11
1700,Military,17018,9125,5456,12717,14581,53.62,32.06,85.68,34823,36.52,-6.77,8.93,0.83
1700,Other,656,291,269,500,560,44.36,41.01,85.37,34823,1.44,0.06,0.08,0.07
1700,Sea,23988,9125,10955,17072,20080,38.04,45.67,83.71,34823,49.03,5.74,-6.38,-0.13
1700,Ship,4795,1979,2430,3372,4409,41.27,50.68,91.95,34823,9.68,0.3,-2.61,-1.11
1700,Trade,266,140,82,227,222,52.63,30.83,83.46,34823,0.65,-0.01,0.24,0.11
1700,Unknown,707,136,173,383,309,19.24,24.47,43.71,34823,1.1,0.45,0.22,0.34
1710,Medical,918,282,587,588,869,30.72,63.94,94.66,41718,1.41,0.38,-0.71,-0.17
1710,Military,20285,12145,5765,15132,17910,59.87,28.42,88.29,41718,36.27,-7.89,15.45,3.82
1710,Other,781,353,357,548,710,45.2,45.71,90.91,41718,1.31,0.03,0.02,0.03
1710,Sea,33368,12253,17658,21589,29911,36.72,52.92,89.64,41718,51.75,7.2,-12.03,-2.45
1710,Ship,5508,2106,3081,3390,5187,38.24,55.94,94.17,41718,8.13,0.47,-3.0,-1.27
1710,Trade,332,187,101,255,288,56.33,30.42,86.75,41718,0.61,-0.07,0.25,0.09
1710,Unknown,455,175,135,216,310,38.46,29.67,68.13,41718,0.52,-0.12,0.03,-0.04
1720,Medical,1084,332,693,646,1025,30.63,63.93,94.56,45043,1.43,0.46,-0.88,-0.16
1720,Military,26063,16493,6316,17244,22809,63.28,24.23,87.51,45043,38.28,-9.96,17.2,2.72
1720,Other,1227,571,541,819,1112,46.54,44.09,90.63,45043,1.82,0.15,0.01,0.08
1720,Sea,37403,13775,18836,22153,32611,36.83,50.36,87.19,45043,49.18,8.89,-13.71,-1.66
1720,Ship,6571,2686,3348,3736,6034,40.88,50.95,91.83,45043,8.29,0.44,-2.88,-1.11
1720,Trade,363,208,117,265,325,57.3,32.23,89.53,45043,0.59,-0.02,0.2,0.08
1720,Unknown,546,124,101,180,225,22.71,18.5,41.21,45043,0.4,0.04,0.06,0.05
1730,Medical,1136,407,647,619,1054,35.83,56.95,92.78,48783,1.27,0.35,-1.19,-0.22
1730,Military,26062,18814,3697,16167,22511,72.19,14.19,86.37,48783,33.14,-9.14,19.1,1.35
1730,Other,3039,1848,822,1959,2670,60.81,27.05,87.86,48783,4.02,-0.14,0.89,0.25
1730,Sea,43671,20012,18236,26148,38248,45.82,41.76,87.58,48783,53.6,8.63,-15.68,-0.41
1730,Ship,6509,3151,2783,3549,5934,48.41,42.76,91.17,48783,7.28,0.19,-3.3,-1.1
1730,Trade,389,226,121,293,347,58.1,31.11,89.2,48783,0.6,0.09,0.14,0.11
1730,Unknown,75,40,17,48,57,53.33,22.67,76.0,48783,0.1,0.01,0.03,0.02
1740,Medical,956,423,434,553,857,44.25,45.4,89.64,49477,1.12,0.18,-1.06,-0.2
1740,Military,31117,22647,2787,20528,25434,72.78,8.96,81.74,49477,41.49,-8.81,27.49,2.32
1740,Other,1991,1320,429,1301,1749,66.3,21.55,87.85,49477,2.63,-0.3,0.48,-0.06
1740,Sea,37620,17332,14478,23535,31810,46.07,38.48,84.56,49477,47.57,9.08,-25.14,-1.42
1740,Ship,5314,3050,1710,3270,4760,57.4,32.18,89.57,49477,6.61,-0.16,-1.98,-0.72
1740,Trade,298,205,60,236,265,68.79,20.13,88.93,49477,0.48,0.02,0.18,0.07
1740,Unknown,87,50,14,54,64,57.47,16.09,73.56,49477,0.11,-0.0,0.04,0.01
1750,Medical,914,363,484,543,847,39.72,52.95,92.67,51757,1.05,0.27,-0.94,-0.15
1750,Military,31322,21665,3339,18604,25004,69.17,10.66,79.83,51757,35.94,-10.58,22.23,0.68
1750,Other,2476,1539,552,1593,2091,62.16,22.29,84.45,51757,3.08,-0.23,0.81,0.13
1750,Sea,44630,19847,17942,27465,37789,44.47,40.2,84.67,51757,53.07,10.45,-20.64,-0.22
1750,Ship,5353,2905,1935,3208,4840,54.27,36.15,90.42,51757,6.2,-0.04,-1.75,-0.63
1750,Trade,334,208,80,272,288,62.28,23.95,86.23,51757,0.53,0.08,0.2,0.12
1750,Unknown,107,42,12,72,54,39.25,11.21,50.47,51757,0.14,0.05,0.09,0.06
1760,Medical,932,346,520,505,866,37.12,55.79,92.92,55797,0.91,0.25,-1.21,-0.21
1760,Military,32458,22412,3121,18499,25533,69.05,9.62,78.66,55797,33.15,-9.16,20.44,0.21
1760,Other,2645,1787,471,1659,2258,67.56,17.81,85.37,55797,2.97,-0.4,1.05,0.06
1760,Sea,51798,24805,18287,31300,43092,47.89,35.3,83.19,55797,56.1,9.26,-18.42,0.5
1760,Ship,6237,3461,2049,3620,5510,55.49,32.85,88.34,55797,6.49,-0.05,-1.86,-0.62
1760,Trade,250,129,77,170,206,51.6,30.8,82.4,55797,0.3,0.06,-0.01,0.04
1760,Unknown,83,23,17,44,40,27.71,20.48,48.19,55797,0.08,0.04,0.01,0.03
1770,Medical,1090,514,462,600,976,47.16,42.39,89.54,50293,1.19,0.15,-1.02,-0.2
1770,Military,26665,18355,1799,14554,20154,68.84,6.75,75.58,50293,28.94,-8.48,20.33,0.12
1770,Other,3067,2230,326,1941,2556,72.71,10.63,83.34,50293,3.86,-0.69,2.3,0.21
1770,Sea,50972,24361,16546,29588,40907,47.79,32.46,80.25,50293,58.83,9.17,-20.37,0.35
1770,Ship,5906,3459,1716,3423,5175,58.57,29.06,87.62,50293,6.81,-0.25,-1.41,-0.59
1770,Trade,194,113,37,149,150,58.25,19.07,77.32,50293,0.3,0.07,0.12,0.08
1770,Unknown,82,23,4,38,27,28.05,4.88,32.93,50293,0.08,0.03,0.06,0.04
1780,Medical,927,407,265,546,672,43.91,28.59,72.49,38036,1.44,0.1,-1.1,-0.2
1780,Military,23387,10277,1256,10234,11533,43.94,5.37,49.31,38036,26.91,-6.76,14.91,-1.23
1780,Other,1455,795,122,820,917,54.64,8.38,63.02,38036,2.16,-0.45,0.99,-0.08
1780,Sea,37175,16126,7922,23216,24048,43.38,21.31,64.69,38036,61.04,8.2,-14.63,2.37
1780,Ship,4631,2754,874,2942,3628,59.47,18.87,78.34,38036,7.73,-1.29,-0.61,-1.12
1780,Trade,185,89,18,142,107,48.11,9.73,57.84,38036,0.37,0.08,0.2,0.11
1780,Unknown,325,74,13,136,87,22.77,4.0,26.77,38036,0.36,0.12,0.23,0.15
