rank_parent,decade,decade_since_1700,region_label,is_high_rank,predicted_death_probability,ci_low_95,ci_high_95,model,prediction_profile
Sea,1700,0.0,Dutch Republic,0.0,0.4227963289911154,0.4186159989696089,0.4269877451180356,identifiable_only,Dutch Republic; is_high_rank=0
Sea,1710,1.0,Dutch Republic,0.0,0.44889029397090485,0.4453166613732623,0.45246921122381195,identifiable_only,Dutch Republic; is_high_rank=0
Sea,1720,2.0,Dutch Republic,0.0,0.4752686678612153,0.472234899385298,0.47830426287040867,identifiable_only,Dutch Republic; is_high_rank=0
Sea,1730,3.0,Dutch Republic,0.0,0.5017857733724899,0.4991461156849907,0.5044253315192837,identifiable_only,Dutch Republic; is_high_rank=0
Sea,1740,4.0,Dutch Republic,0.0,0.5282928371290425,0.5258099558575454,0.530774319372476,identifiable_only,Dutch Republic; is_high_rank=0
Sea,1750,5.0,Dutch Republic,0.0,0.5546413106718013,0.5520342521882349,0.5572453656398422,identifiable_only,Dutch Republic; is_high_rank=0
Sea,1760,6.0,Dutch Republic,0.0,0.5806861808243411,0.5777247558750603,0.5836418048331996,identifiable_only,Dutch Republic; is_high_rank=0
Sea,1770,7.0,Dutch Republic,0.0,0.6062891139326989,0.6028385262616425,0.6097291306248822,identifiable_only,Dutch Republic; is_high_rank=0
Sea,1780,8.0,Dutch Republic,0.0,0.6313212917510121,0.6273259464853291,0.6352987053064204,identifiable_only,Dutch Republic; is_high_rank=0
Military,1700,0.0,Dutch Republic,0.0,0.6485454089362764,0.6427168147973207,0.6543300569717497,identifiable_only,Dutch Republic; is_high_rank=0
Military,1710,1.0,Dutch Republic,0.0,0.7028339253497129,0.6985156627417134,0.7071162701903532,identifiable_only,Dutch Republic; is_high_rank=0
Military,1720,2.0,Dutch Republic,0.0,0.7519440202965748,0.7487131851665075,0.7551469007568558,identifiable_only,Dutch Republic; is_high_rank=0
Military,1730,3.0,Dutch Republic,0.0,0.7953018705169633,0.7926163244000326,0.7979615044040109,identifiable_only,Dutch Republic; is_high_rank=0
Military,1740,4.0,Dutch Republic,0.0,0.8327666548912707,0.830182349010741,0.8353194339109155,identifiable_only,Dutch Republic; is_high_rank=0
Military,1750,5.0,Dutch Republic,0.0,0.8645423595368655,0.8618774893919001,0.8671637392029073,identifiable_only,Dutch Republic; is_high_rank=0
Military,1760,6.0,Dutch Republic,0.0,0.891070172631912,0.8883346054045299,0.8937467399252974,identifiable_only,Dutch Republic; is_high_rank=0
Military,1770,7.0,Dutch Republic,0.0,0.9129260606208213,0.9102001404404382,0.9155769090542049,identifiable_only,Dutch Republic; is_high_rank=0
Military,1780,8.0,Dutch Republic,0.0,0.9307376013730205,0.9281070859054675,0.9332787872612862,identifiable_only,Dutch Republic; is_high_rank=0
Ship,1700,0.0,Dutch Republic,0.0,0.5453085085650498,0.5340669895993273,0.5565040315330798,identifiable_only,Dutch Republic; is_high_rank=0
Ship,1710,1.0,Dutch Republic,0.0,0.586376863781138,0.5767490435213543,0.5959391097411394,identifiable_only,Dutch Republic; is_high_rank=0
Ship,1720,2.0,Dutch Republic,0.0,0.6262780365499009,0.6180177908950042,0.63446530720145,identifiable_only,Dutch Republic; is_high_rank=0
Ship,1730,3.0,Dutch Republic,0.0,0.6645321624544187,0.6572500939600577,0.6717367883177112,identifiable_only,Dutch Republic; is_high_rank=0
Ship,1740,4.0,Dutch Republic,0.0,0.7007416586260062,0.6939729018478892,0.7074238211165446,identifiable_only,Dutch Republic; is_high_rank=0
Ship,1750,5.0,Dutch Republic,0.0,0.734603691496672,0.7279303950072913,0.7411715060349735,identifiable_only,Dutch Republic; is_high_rank=0
Ship,1760,6.0,Dutch Republic,0.0,0.765914089825671,0.7590671771593497,0.7726247095304278,identifiable_only,Dutch Republic; is_high_rank=0
Ship,1770,7.0,Dutch Republic,0.0,0.7945636269875813,0.7874388856504558,0.801509754548787,identifiable_only,Dutch Republic; is_high_rank=0
Ship,1780,8.0,Dutch Republic,0.0,0.8205284050664323,0.8131426001414187,0.827684140371033,identifiable_only,Dutch Republic; is_high_rank=0
Other,1700,0.0,Dutch Republic,0.0,0.6005353549648937,0.5773943172637572,0.623236086700609,identifiable_only,Dutch Republic; is_high_rank=0
Other,1710,1.0,Dutch Republic,0.0,0.6611779746367201,0.6433059043893591,0.6786019522096117,identifiable_only,Dutch Republic; is_high_rank=0
Other,1720,2.0,Dutch Republic,0.0,0.7169535253576139,0.703740262772724,0.7298037364063175,identifiable_only,Dutch Republic; is_high_rank=0
Other,1730,3.0,Dutch Republic,0.0,0.7667860857752663,0.7570429847533462,0.7762539455531661,identifiable_only,Dutch Republic; is_high_rank=0
Other,1740,4.0,Dutch Republic,0.0,0.8101682174834498,0.8023726643169133,0.8177261240428957,identifiable_only,Dutch Republic; is_high_rank=0
Other,1750,5.0,Dutch Republic,0.0,0.847089737706069,0.8399299445059097,0.8539849527363035,identifiable_only,Dutch Republic; is_high_rank=0
Other,1760,6.0,Dutch Republic,0.0,0.8779123188610499,0.8707595855015315,0.8847215962138949,identifiable_only,Dutch Republic; is_high_rank=0
Other,1770,7.0,Dutch Republic,0.0,0.9032316495174939,0.8960202215052582,0.9099931753404568,identifiable_only,Dutch Republic; is_high_rank=0
Other,1780,8.0,Dutch Republic,0.0,0.9237561167968346,0.9166522041560434,0.9303005865958399,identifiable_only,Dutch Republic; is_high_rank=0
Medical,1700,0.0,Dutch Republic,0.0,0.4691749183600212,0.44497000041436885,0.49352573964671964,identifiable_only,Dutch Republic; is_high_rank=0
Medical,1710,1.0,Dutch Republic,0.0,0.49354308322905277,0.47315671036833173,0.5139509504830734,identifiable_only,Dutch Republic; is_high_rank=0
Medical,1720,2.0,Dutch Republic,0.0,0.5179419652084486,0.5009421829737545,0.5349003144305292,identifiable_only,Dutch Republic; is_high_rank=0
Medical,1730,3.0,Dutch Republic,0.0,0.5422555883933723,0.527744335638268,0.5566954973180948,identifiable_only,Dutch Republic; is_high_rank=0
Medical,1740,4.0,Dutch Republic,0.0,0.5663695906637688,0.5528924276742093,0.5797492940936871,identifiable_only,Dutch Republic; is_high_rank=0
Medical,1750,5.0,Dutch Republic,0.0,0.5901733553408779,0.5760160483502046,0.6041827755867708,identifiable_only,Dutch Republic; is_high_rank=0
Medical,1760,6.0,Dutch Republic,0.0,0.6135619948680159,0.5973509005746828,0.6295252002167084,identifiable_only,Dutch Republic; is_high_rank=0
Medical,1770,7.0,Dutch Republic,0.0,0.6364381129797254,0.6173911104634416,0.6550666717634958,identifiable_only,Dutch Republic; is_high_rank=0
Medical,1780,8.0,Dutch Republic,0.0,0.6587132862753232,0.6365055855090589,0.6802457974282123,identifiable_only,Dutch Republic; is_high_rank=0
Trade,1700,0.0,Dutch Republic,0.0,0.7489692506826593,0.7151920561050957,0.7799729824653943,identifiable_only,Dutch Republic; is_high_rank=0
Trade,1710,1.0,Dutch Republic,0.0,0.7658149027634509,0.7398562733420945,0.7899187442006178,identifiable_only,Dutch Republic; is_high_rank=0
Trade,1720,2.0,Dutch Republic,0.0,0.7818593583055357,0.7618099970840341,0.8006626785825705,identifiable_only,Dutch Republic; is_high_rank=0
Trade,1730,3.0,Dutch Republic,0.0,0.7970958230319869,0.7802958121127336,0.812919195887557,identifiable_only,Dutch Republic; is_high_rank=0
Trade,1740,4.0,Dutch Republic,0.0,0.8115246083635598,0.7948959398616073,0.8270983634337703,identifiable_only,Dutch Republic; is_high_rank=0
Trade,1750,5.0,Dutch Republic,0.0,0.8251524136474124,0.8063341874062461,0.8424992676090354,identifiable_only,Dutch Republic; is_high_rank=0
Trade,1760,6.0,Dutch Republic,0.0,0.8379915668347365,0.8158304847001148,0.8579503164873172,identifiable_only,Dutch Republic; is_high_rank=0
Trade,1770,7.0,Dutch Republic,0.0,0.8500592503085364,0.8242113398711272,0.8726935376270282,identifiable_only,Dutch Republic; is_high_rank=0
Trade,1780,8.0,Dutch Republic,0.0,0.861376734757593,0.8318958785988728,0.8863935075253278,identifiable_only,Dutch Republic; is_high_rank=0
Unknown,1700,0.0,Dutch Republic,0.0,0.5983802600788702,0.5551155737680672,0.6401648323659308,identifiable_only,Dutch Republic; is_high_rank=0
Unknown,1710,1.0,Dutch Republic,0.0,0.6525794780168909,0.6196717848659189,0.6840914143152176,identifiable_only,Dutch Republic; is_high_rank=0
Unknown,1720,2.0,Dutch Republic,0.0,0.7030936453328593,0.6736596063399749,0.7309332501593625,identifiable_only,Dutch Republic; is_high_rank=0
Unknown,1730,3.0,Dutch Republic,0.0,0.7490871379854327,0.7167734599424541,0.7788515793236492,identifiable_only,Dutch Republic; is_high_rank=0
Unknown,1740,4.0,Dutch Republic,0.0,0.7900830175245148,0.7524814488807636,0.8233136312829865,identifiable_only,Dutch Republic; is_high_rank=0
Unknown,1750,5.0,Dutch Republic,0.0,0.825937142578332,0.7833962049537183,0.8615991143494132,identifiable_only,Dutch Republic; is_high_rank=0
Unknown,1760,6.0,Dutch Republic,0.0,0.8567774496211574,0.8106990484443757,0.8931184642250667,identifiable_only,Dutch Republic; is_high_rank=0
Unknown,1770,7.0,Dutch Republic,0.0,0.8829280258239,0.8349415866104469,0.9183282864803162,identifiable_only,Dutch Republic; is_high_rank=0
Unknown,1780,8.0,Dutch Republic,0.0,0.9048341984452076,0.8564510879398065,0.9380886400834967,identifiable_only,Dutch Republic; is_high_rank=0
