term,log_odds,std_error_robust,odds_ratio,ci_low_95,ci_high_95,p_value,model,n_records
Intercept,-0.36896928109919513,0.0078857082486156,0.6914466506051415,0.6808420178652071,0.7022164585730994,0.0,all_records,555294
"C(rank_parent, Treatment(reference='Sea'))[T.Medical]",0.1593783707879885,0.0466532054114591,1.1727816090425378,1.0703008406246388,1.2850748596120847,0.0006349314020569146,all_records,555294
"C(rank_parent, Treatment(reference='Sea'))[T.Military]",0.9574218602570778,0.013557512651935659,2.6049718272121463,2.5366634718228855,2.675119619116268,0.0,all_records,555294
"C(rank_parent, Treatment(reference='Sea'))[T.Other]",0.7302904452654179,0.04419369082378073,2.0756833925457507,1.9034583253537847,2.2634913981053133,2.433783643700802e-61,all_records,555294
"C(rank_parent, Treatment(reference='Sea'))[T.Ship]",0.4903571397052566,0.02158729129029791,1.6328992890014156,1.5652519888223368,1.7034701805601553,3.1785519835695278e-114,all_records,555294
"C(rank_parent, Treatment(reference='Sea'))[T.Trade]",1.3980538842432702,0.08286871105011663,4.047315752577682,3.44055981526179,4.761075429760273,7.390435118399472e-64,all_records,555294
"C(rank_parent, Treatment(reference='Sea'))[T.Unknown]",0.7665733262849894,0.08237463034965671,2.1523781051492286,1.8314756674444506,2.5295075385795687,1.3281289925721425e-20,all_records,555294
"C(region_label, Treatment(reference='Dutch Republic'))[T.British Isles]",0.17634942691360828,0.013972663769978274,1.1928548014075002,1.160630636045279,1.2259736500574467,1.616898054939751e-36,all_records,555294
"C(region_label, Treatment(reference='Dutch Republic'))[T.Eastern/Southeastern Europe]",-0.08627777976166937,0.07245734804571641,0.9173393775115334,0.7958921658546,1.0573185283582522,0.23375611877978886,all_records,555294
"C(region_label, Treatment(reference='Dutch Republic'))[T.France]",0.14414715865597444,0.05433499925628527,1.1550540722236384,1.0383703541509168,1.2848497690897143,0.007979550774795821,all_records,555294
"C(region_label, Treatment(reference='Dutch Republic'))[T.German interior]",0.29513186594293345,0.011298423763682201,1.3433034829881185,1.3138836402315741,1.3733820805394692,2.077499605787886e-150,all_records,555294
"C(region_label, Treatment(reference='Dutch Republic'))[T.Iberia]",0.21158126295032473,0.03208383506152428,1.2356303725185465,1.1603226369456705,1.3158257616254796,4.262960659422053e-11,all_records,555294
"C(region_label, Treatment(reference='Dutch Republic'))[T.Italy/Corsica]",-0.04211974644901579,0.07426406876525676,0.9587549661956366,0.8288843437274436,1.1089738781542895,0.5706042263914649,all_records,555294
"C(region_label, Treatment(reference='Dutch Republic'))[T.Low German]",0.12749524525855802,0.008998769312920055,1.1359794669396723,1.1161195495784935,1.156192766084856,1.44403352426058e-45,all_records,555294
"C(region_label, Treatment(reference='Dutch Republic'))[T.Scandinavia]",-0.1742877089963951,0.04573382007214713,0.8400551714564012,0.7680316396568209,0.918832837936166,0.00013845327230069956,all_records,555294
"C(region_label, Treatment(reference='Dutch Republic'))[T.Unknown]",0.214662236017017,0.009025349107498915,1.2394431869899492,1.2177110120610954,1.2615632104497434,4.847415830045465e-125,all_records,555294
decade_since_1700,0.108001118419695,0.0015840846576313688,1.114048991360104,1.1105955128706597,1.1175132086950945,0.0,all_records,555294
"C(rank_parent, Treatment(reference='Sea'))[T.Medical]:decade_since_1700",-0.0012896757568712342,0.009583796101657764,0.9987111555175111,0.9801265618105894,1.01764813955514,0.8929531563626553,all_records,555294
"C(rank_parent, Treatment(reference='Sea'))[T.Military]:decade_since_1700",0.13248768784507614,0.0033356130471732977,1.141664959646798,1.1342254628585768,1.1491532528289234,0.0,all_records,555294
"C(rank_parent, Treatment(reference='Sea'))[T.Other]:decade_since_1700",0.15235603714313448,0.009379626492219658,1.1645747945115004,1.143361156139963,1.1861820254504793,2.491744310009798e-59,all_records,555294
"C(rank_parent, Treatment(reference='Sea'))[T.Ship]:decade_since_1700",0.05733298896097793,0.004285317567137897,1.0590083897931026,1.0501509553826844,1.0679405316957464,8.028859789364451e-41,all_records,555294
"C(rank_parent, Treatment(reference='Sea'))[T.Trade]:decade_since_1700",-0.029006980809941726,0.02050887945896567,0.9714096832165614,0.9331366312664969,1.0112525229731386,0.15725562653037262,all_records,555294
"C(rank_parent, Treatment(reference='Sea'))[T.Unknown]:decade_since_1700",0.11033033980404319,0.029898878970315918,1.1166468824512112,1.0530909627976117,1.1840385153202047,0.00022415157561796103,all_records,555294
is_high_rank,-0.5564701904595298,0.010653198280351307,0.5732288857481235,0.5613840225841623,0.5853236683571146,0.0,all_records,555294
