reason_end_contract,count,could_muster_again_1,could_muster_again_0,could_muster_again_missing,percentage_of_dataset,could_muster_again_1_pct_within_reason
Deceased,366419,0,366419,0,47.33,0.0
Repatriated,221335,221335,0,0,28.59,100.0
Not recorded,35653,35653,0,0,4.61,100.0
Last record,29183,29183,0,0,3.77,100.0
Amsterdam chamber,25102,25102,0,0,3.24,100.0
Missing,18087,18087,0,0,2.34,100.0
Deserted,14708,0,14708,0,1.9,0.0
Absent upon departure,14313,14313,0,0,1.85,100.0
Shipwrecked,11948,0,11948,0,1.54,0.0
Zeeland chamber,11699,11699,0,0,1.51,100.0
Free citizen,5053,5053,0,0,0.65,100.0
Delft chamber,2738,2738,0,0,0.35,100.0
Rotterdam chamber,2711,2711,0,0,0.35,100.0
Hoorn chamber,2498,2498,0,0,0.32,100.0
Enkhuizen chamber,2498,2498,0,0,0.32,100.0
Removed,2473,2473,0,0,0.32,100.0
Unknown,1615,1615,0,0,0.21,100.0
Penalised or punished,1419,1419,0,0,0.18,100.0
Dismissal,775,0,775,0,0.1,0.0
Murdered,725,0,725,0,0.09,0.0
To a man of war,495,495,0,0,0.06,100.0
Transferred,475,475,0,0,0.06,100.0
Age,462,0,462,0,0.06,0.0
Otherwise,421,421,0,0,0.05,100.0
Unfit to work,420,0,420,0,0.05,0.0
Death penalty,275,0,275,0,0.04,0.0
To a private ship,271,271,0,0,0.04,100.0
to regiment,193,193,0,0,0.02,100.0
Resignation,171,171,0,0,0.02,100.0
Woman,52,52,0,0,0.01,100.0
Remains at the Cape,7,7,0,0,0.0,100.0
In lening gaan,6,6,0,0,0.0,100.0
