reason_end_contract_raw,reason_end_contract_normalized,outcome_group_revised,n_contracts
Deceased,deceased,Death,339359
Repatriated,repatriated,Repatriated,203890
Amsterdam chamber,amsterdam chamber,Chamber,23004
Last record,last record,Unknown / unclear,18193
Missing,missing,Unknown / unclear,16679
Deserted,deserted,Irregular exit,13526
Absent upon departure,absent upon departure,Other,12489
Shipwrecked,shipwrecked,Death,11175
Zeeland chamber,zeeland chamber,Chamber,10661
Not recorded,not recorded,Unknown / unclear,6618
Free citizen,free citizen,Other,4349
Delft chamber,delft chamber,Chamber,2513
Rotterdam chamber,rotterdam chamber,Chamber,2459
Enkhuizen chamber,enkhuizen chamber,Chamber,2328
Hoorn chamber,hoorn chamber,Chamber,2266
Removed,removed,Irregular exit,1840
Penalised or punished,penalised or punished,Irregular exit,1290
Dismissal,dismissal,Irregular exit,691
Murdered,murdered,Death,641
Transferred,transferred,Other,448
To a man of war,to a man of war,Other,430
Otherwise,otherwise,Other,413
Age,age,Other,374
Unfit to work,unfit to work,Other,374
Death penalty,death penalty,Death,229
To a private ship,to a private ship,Other,207
Unknown,unknown,Unknown / unclear,196
Resignation,resignation,Other,146
to regiment,to regiment,Other,91
Woman,woman,Irregular exit,49
Remains at the Cape,remains at the cape,Other,6
