reason_end_contract,count,percentage
Deceased,366419,47.33
Repatriated,221335,28.59
Not recorded,35653,4.61
Last record,29183,3.77
Amsterdam chamber,25102,3.24
Missing,18087,2.34
Deserted,14708,1.9
Absent upon departure,14313,1.85
Shipwrecked,11948,1.54
Zeeland chamber,11699,1.51
Free citizen,5053,0.65
Delft chamber,2738,0.35
Rotterdam chamber,2711,0.35
Enkhuizen chamber,2498,0.32
Hoorn chamber,2498,0.32
Removed,2473,0.32
Unknown,1615,0.21
Penalised or punished,1419,0.18
Dismissal,775,0.1
Murdered,725,0.09
To a man of war,495,0.06
Transferred,475,0.06
Age,462,0.06
Otherwise,421,0.05
Unfit to work,420,0.05
Death penalty,275,0.04
To a private ship,271,0.04
to regiment,193,0.02
Resignation,171,0.02
Woman,52,0.01
Remains at the Cape,7,0.0
In lening gaan,6,0.0
