reason_end_contract_raw,count,percentage
Deceased,339359,50.13
Repatriated,203890,30.12
Amsterdam chamber,23004,3.4
Last record,18193,2.69
Missing,16679,2.46
Deserted,13526,2.0
Absent upon departure,12489,1.84
Shipwrecked,11175,1.65
Zeeland chamber,10661,1.57
Not recorded,6618,0.98
Free citizen,4349,0.64
Delft chamber,2513,0.37
Rotterdam chamber,2459,0.36
Enkhuizen chamber,2328,0.34
Hoorn chamber,2266,0.33
Removed,1840,0.27
Penalised or punished,1290,0.19
Dismissal,691,0.1
Murdered,641,0.09
Transferred,448,0.07
To a man of war,430,0.06
Otherwise,413,0.06
Unfit to work,374,0.06
Age,374,0.06
Death penalty,229,0.03
To a private ship,207,0.03
Unknown,196,0.03
Resignation,146,0.02
to regiment,91,0.01
Woman,49,0.01
Remains at the Cape,6,0.0
