reason_end_contract_raw,outcome_group_v2,count,percentage_of_dataset
Deceased,Death,339359,50.13
Repatriated,Repatriated,203890,30.12
Amsterdam chamber,Chamber / administrative category,23004,3.4
Last record,Unknown / unclear,18193,2.69
Missing,Unknown / unclear,16679,2.46
Deserted,Irregular exit,13526,2.0
Absent upon departure,Absent upon departure,12489,1.84
Shipwrecked,Death,11175,1.65
Zeeland chamber,Chamber / administrative category,10661,1.57
Not recorded,Unknown / unclear,6618,0.98
Free citizen,Settlement / status change,4349,0.64
Delft chamber,Chamber / administrative category,2513,0.37
Rotterdam chamber,Chamber / administrative category,2459,0.36
Enkhuizen chamber,Chamber / administrative category,2328,0.34
Hoorn chamber,Chamber / administrative category,2266,0.33
Removed,Irregular exit,1840,0.27
Penalised or punished,Irregular exit,1290,0.19
Dismissal,Irregular exit,691,0.1
Murdered,Death,641,0.09
Transferred,Transfer / continued service,448,0.07
To a man of war,Transfer / continued service,430,0.06
Otherwise,Other / specified elsewhere,413,0.06
Age,Retirement / institutional care,374,0.06
Unfit to work,Unfit to work,374,0.06
Death penalty,Death,229,0.03
To a private ship,Transfer / continued service,207,0.03
Unknown,Unknown / unclear,196,0.03
Resignation,Resignation,146,0.02
to regiment,Transfer / continued service,91,0.01
Woman,Irregular exit,49,0.01
Remains at the Cape,Stayed at the Cape,6,0.0
