decade,total_records,known_reason,missing_reason,known_reason_pct,missing_reason_pct
1670.0,1943,1943,0,100.0,0.0
1680.0,28565,28565,0,100.0,0.0
1690.0,30942,30942,0,100.0,0.0
1700.0,48166,48166,0,100.0,0.0
1710.0,61647,61647,0,100.0,0.0
1720.0,73257,73257,0,100.0,0.0
1730.0,80881,80881,0,100.0,0.0
1740.0,77383,77383,0,100.0,0.0
1750.0,85136,85136,0,100.0,0.0
1760.0,94403,94403,0,100.0,0.0
1770.0,87976,87976,0,100.0,0.0
1780.0,68085,68085,0,100.0,0.0
1790.0,26207,26207,0,100.0,0.0
,9609,9609,0,100.0,0.0
