region_label,Medical,Military,Other,Sea,Ship,Trade,Unknown
British Isles,0.93,69.91,3.4,21.61,3.72,0.09,0.32
Dutch Republic,1.87,23.78,2.7,60.1,10.53,0.61,0.4
Eastern/Southeastern Europe,0.56,39.71,1.52,54.78,3.03,0.08,0.32
France,0.32,30.69,1.09,63.33,4.07,0.27,0.23
German interior,0.17,10.88,0.76,83.02,4.94,0.04,0.18
Iberia,0.35,63.75,3.31,29.49,2.49,0.17,0.43
Italy/Corsica,0.09,16.36,0.64,80.64,2.09,0.0,0.18
Low German,0.79,39.98,2.15,51.4,5.35,0.08,0.25
Scandinavia,0.48,23.37,0.45,73.78,1.72,0.07,0.14
Unknown,0.76,53.84,2.94,37.65,4.08,0.28,0.45
