region_label,Chamber,Death,Irregular exit,Other,Repatriated,Unknown / unclear
British Isles,7.08,60.75,2.88,3.38,17.11,8.8
Dutch Republic,5.51,48.52,2.06,2.37,36.66,4.89
Eastern/Southeastern Europe,6.94,50.32,4.39,3.27,27.35,7.74
France,8.37,44.45,7.61,3.4,26.21,9.96
German interior,6.19,51.08,3.36,2.4,31.3,5.67
Iberia,9.22,51.46,6.19,3.94,15.68,13.52
Italy/Corsica,5.55,41.36,8.36,3.09,29.36,12.27
Low German,6.66,54.58,2.78,3.12,27.46,5.41
Scandinavia,7.25,40.45,5.84,3.54,31.89,11.03
Unknown,8.11,56.49,2.87,3.85,20.12,8.56
