decade,foreign_share,death_rate,repatriated_rate,irregular_exit_rate,high_rank_share,first_contracts_n,contracts_n,first_contract_rate
1700,0.2984055142631732,0.43765311630610804,0.41051779263380805,0.02609724702072001,0.23805173774031474,34823,48166,0.7229788647593738
1710,0.27081609810696383,0.446104433305757,0.44907294758869043,0.015832076175645207,0.21658799292747416,41718,61647,0.6767239281716871
1720,0.39289078176829517,0.46669942804100634,0.4088619517588763,0.020039040637754753,0.226667758712478,45043,73257,0.6148627434920895
1730,0.49013983506633196,0.5501662936907308,0.32545344394851694,0.02190873010966729,0.22798926818412235,48783,80881,0.6031453617042322
1740,0.5348461548402104,0.5818719873874106,0.25731749867541964,0.03053642272850626,0.18378713670961322,49477,77383,0.6393781579933577
1750,0.5680793084006766,0.5469953956023303,0.28594249201277955,0.0299990603270062,0.17161952640481112,51757,85136,0.607933189250141
1760,0.5755219643443534,0.561030899441755,0.25997055178331197,0.028410114085357457,0.16556677224240754,55797,94403,0.5910511318496234
1770,0.5659384377557516,0.5575952532508867,0.23745112303355462,0.022244703100845684,0.18176548149495317,50293,87976,0.5716672728926071
1780,0.6273628552544613,0.4482925754571492,0.15377836527869576,0.03476536682088566,0.17542777410589705,38036,68085,0.5586546228978483
