decade,foreign_share,attrition_rate,death_rate,high_rank_share,new_workers,contracts_n
1700,0.2984055142631732,0.026034962421625212,0.43765311630610804,0.23805173774031474,35976,48166
1710,0.27081609810696383,0.015767190617548298,0.446104433305757,0.21658799292747416,41787,61647
1720,0.39289078176829517,0.02001173949247171,0.46669942804100634,0.226667758712478,45048,73257
1730,0.49013983506633196,0.02187163858013625,0.5501662936907308,0.22798926818412235,48783,80881
1740,0.5348461548402104,0.03038134990889472,0.5818719873874106,0.18378713670961322,49477,77383
1750,0.5680793084006766,0.02988160120278143,0.5469953956023303,0.17161952640481112,51757,85136
1760,0.5755219643443534,0.028335963899452348,0.561030899441755,0.16556677224240754,55797,94403
1770,0.5659384377557516,0.022165135946167137,0.5575952532508867,0.18176548149495317,50293,87976
1780,0.6273628552544613,0.034750679297936404,0.4482925754571492,0.17542777410589705,38036,68085
