decade,foreign_share,attrition_rate,death_rate,high_rank_share,new_workers
1700.0,0.2984055142631732,0.026034962421625212,0.43765311630610804,0.23805173774031474,35832
1710.0,0.27081609810696383,0.015767190617548298,0.446104433305757,0.21658799292747416,41702
1720.0,0.39289078176829517,0.02001173949247171,0.46669942804100634,0.226667758712478,44960
1730.0,0.49013983506633196,0.02187163858013625,0.5501662936907308,0.22798926818412235,48622
1740.0,0.5348461548402104,0.03038134990889472,0.5818719873874106,0.18378713670961322,49383
1750.0,0.5680793084006766,0.02988160120278143,0.5469953956023303,0.17161952640481112,51638
1760.0,0.5755219643443534,0.028335963899452348,0.561030899441755,0.16556677224240754,55459
1770.0,0.5659384377557516,0.022165135946167137,0.5575952532508867,0.18176548149495317,50193
1780.0,0.527748507200562,0.08939234281700036,0.5324903407095188,0.18528275377590447,3115
