decade,rank_parent,deaths_n,total_deaths_decade,death_share_within_decade,first_contracts_n,first_contract_share_within_decade,first_contract_minus_death_share_within_decade
1700.0,Medical,284,21080,1.35,552,1.59,0.24
1700.0,Military,9125,21080,43.29,12717,36.52,-6.77
1700.0,Other,291,21080,1.38,500,1.44,0.06
1700.0,Sea,9125,21080,43.29,17072,49.03,5.74
1700.0,Ship,1979,21080,9.39,3372,9.68,0.29
1700.0,Trade,140,21080,0.66,227,0.65,-0.01
1700.0,Unknown,136,21080,0.65,383,1.1,0.45
1710.0,Medical,282,27501,1.03,588,1.41,0.38
1710.0,Military,12145,27501,44.16,15132,36.27,-7.89
1710.0,Other,353,27501,1.28,548,1.31,0.03
1710.0,Sea,12253,27501,44.55,21589,51.75,7.2
1710.0,Ship,2106,27501,7.66,3390,8.13,0.47
1710.0,Trade,187,27501,0.68,255,0.61,-0.07
1710.0,Unknown,175,27501,0.64,216,0.52,-0.12
1720.0,Medical,332,34189,0.97,646,1.43,0.46
1720.0,Military,16493,34189,48.24,17244,38.28,-9.96
1720.0,Other,571,34189,1.67,819,1.82,0.15
1720.0,Sea,13775,34189,40.29,22153,49.18,8.89
1720.0,Ship,2686,34189,7.86,3736,8.29,0.43
1720.0,Trade,208,34189,0.61,265,0.59,-0.02
1720.0,Unknown,124,34189,0.36,180,0.4,0.04
1730.0,Medical,407,44498,0.91,619,1.27,0.36
1730.0,Military,18814,44498,42.28,16167,33.14,-9.14
1730.0,Other,1848,44498,4.15,1959,4.02,-0.13
1730.0,Sea,20012,44498,44.97,26148,53.6,8.63
1730.0,Ship,3151,44498,7.08,3549,7.28,0.2
1730.0,Trade,226,44498,0.51,293,0.6,0.09
1730.0,Unknown,40,44498,0.09,48,0.1,0.01
1740.0,Medical,423,45027,0.94,553,1.12,0.18
1740.0,Military,22647,45027,50.3,20528,41.49,-8.81
1740.0,Other,1320,45027,2.93,1301,2.63,-0.3
1740.0,Sea,17332,45027,38.49,23535,47.57,9.08
1740.0,Ship,3050,45027,6.77,3270,6.61,-0.16
1740.0,Trade,205,45027,0.46,236,0.48,0.02
1740.0,Unknown,50,45027,0.11,54,0.11,0.0
1750.0,Medical,363,46569,0.78,543,1.05,0.27
1750.0,Military,21665,46569,46.52,18604,35.94,-10.58
1750.0,Other,1539,46569,3.3,1593,3.08,-0.22
1750.0,Sea,19847,46569,42.62,27465,53.07,10.45
1750.0,Ship,2905,46569,6.24,3208,6.2,-0.04
1750.0,Trade,208,46569,0.45,272,0.53,0.08
1750.0,Unknown,42,46569,0.09,72,0.14,0.05
1760.0,Medical,346,52963,0.65,505,0.91,0.26
1760.0,Military,22412,52963,42.32,18499,33.15,-9.17
1760.0,Other,1787,52963,3.37,1659,2.97,-0.4
1760.0,Sea,24805,52963,46.83,31300,56.1,9.27
1760.0,Ship,3461,52963,6.53,3620,6.49,-0.04
1760.0,Trade,129,52963,0.24,170,0.3,0.06
1760.0,Unknown,23,52963,0.04,44,0.08,0.04
1770.0,Medical,514,49055,1.05,600,1.19,0.14
1770.0,Military,18355,49055,37.42,14554,28.94,-8.48
1770.0,Other,2230,49055,4.55,1941,3.86,-0.69
1770.0,Sea,24361,49055,49.66,29588,58.83,9.17
1770.0,Ship,3459,49055,7.05,3423,6.81,-0.24
1770.0,Trade,113,49055,0.23,149,0.3,0.07
1770.0,Unknown,23,49055,0.05,38,0.08,0.03
1780.0,Medical,407,30522,1.33,546,1.44,0.11
1780.0,Military,10277,30522,33.67,10234,26.91,-6.76
1780.0,Other,795,30522,2.6,820,2.16,-0.44
1780.0,Sea,16126,30522,52.83,23216,61.04,8.21
1780.0,Ship,2754,30522,9.02,2942,7.73,-1.29
1780.0,Trade,89,30522,0.29,142,0.37,0.08
1780.0,Unknown,74,30522,0.24,136,0.36,0.12
