decade,rank_parent,outcome_group_revised,endings_n,total_contracts_decade_rank,ending_pct_within_decade_rank
1700.0,Medical,Chamber,13,736,1.77
1700.0,Medical,Death,284,736,38.59
1700.0,Medical,Irregular exit,2,736,0.27
1700.0,Medical,Other,19,736,2.58
1700.0,Medical,Repatriated,408,736,55.43
1700.0,Medical,Unknown / unclear,10,736,1.36
1700.0,Military,Chamber,1198,17018,7.04
1700.0,Military,Death,9125,17018,53.62
1700.0,Military,Irregular exit,341,17018,2.0
1700.0,Military,Other,394,17018,2.32
1700.0,Military,Repatriated,5456,17018,32.06
1700.0,Military,Unknown / unclear,504,17018,2.96
1700.0,Other,Chamber,43,656,6.55
1700.0,Other,Death,291,656,44.36
1700.0,Other,Irregular exit,7,656,1.07
1700.0,Other,Other,19,656,2.9
1700.0,Other,Repatriated,269,656,41.01
1700.0,Other,Unknown / unclear,27,656,4.12
1700.0,Sea,Chamber,1131,23988,4.71
1700.0,Sea,Death,9125,23988,38.04
1700.0,Sea,Irregular exit,843,23988,3.51
1700.0,Sea,Other,245,23988,1.02
1700.0,Sea,Repatriated,10955,23988,45.67
1700.0,Sea,Unknown / unclear,1689,23988,7.04
1700.0,Ship,Chamber,122,4795,2.54
1700.0,Ship,Death,1979,4795,41.27
1700.0,Ship,Irregular exit,47,4795,0.98
1700.0,Ship,Other,61,4795,1.27
1700.0,Ship,Repatriated,2430,4795,50.68
1700.0,Ship,Unknown / unclear,156,4795,3.25
1700.0,Trade,Chamber,17,266,6.39
1700.0,Trade,Death,140,266,52.63
1700.0,Trade,Irregular exit,2,266,0.75
1700.0,Trade,Other,9,266,3.38
1700.0,Trade,Repatriated,82,266,30.83
1700.0,Trade,Unknown / unclear,16,266,6.02
1700.0,Unknown,Chamber,6,707,0.85
1700.0,Unknown,Death,136,707,19.24
1700.0,Unknown,Irregular exit,15,707,2.12
1700.0,Unknown,Other,120,707,16.97
1700.0,Unknown,Repatriated,173,707,24.47
1700.0,Unknown,Unknown / unclear,257,707,36.35
1710.0,Medical,Chamber,29,918,3.16
1710.0,Medical,Death,282,918,30.72
1710.0,Medical,Irregular exit,3,918,0.33
1710.0,Medical,Other,7,918,0.76
1710.0,Medical,Repatriated,587,918,63.94
1710.0,Medical,Unknown / unclear,10,918,1.09
1710.0,Military,Chamber,1142,20285,5.63
1710.0,Military,Death,12145,20285,59.87
1710.0,Military,Irregular exit,331,20285,1.63
1710.0,Military,Other,356,20285,1.75
1710.0,Military,Repatriated,5765,20285,28.42
1710.0,Military,Unknown / unclear,546,20285,2.69
1710.0,Other,Chamber,33,781,4.23
1710.0,Other,Death,353,781,45.2
1710.0,Other,Irregular exit,13,781,1.66
1710.0,Other,Other,6,781,0.77
1710.0,Other,Repatriated,357,781,45.71
1710.0,Other,Unknown / unclear,19,781,2.43
1710.0,Sea,Chamber,1356,33368,4.06
1710.0,Sea,Death,12253,33368,36.72
1710.0,Sea,Irregular exit,580,33368,1.74
1710.0,Sea,Other,237,33368,0.71
1710.0,Sea,Repatriated,17658,33368,52.92
1710.0,Sea,Unknown / unclear,1284,33368,3.85
1710.0,Ship,Chamber,174,5508,3.16
1710.0,Ship,Death,2106,5508,38.24
1710.0,Ship,Irregular exit,41,5508,0.74
1710.0,Ship,Other,23,5508,0.42
1710.0,Ship,Repatriated,3081,5508,55.94
1710.0,Ship,Unknown / unclear,83,5508,1.51
1710.0,Trade,Chamber,16,332,4.82
1710.0,Trade,Death,187,332,56.33
1710.0,Trade,Irregular exit,8,332,2.41
1710.0,Trade,Other,10,332,3.01
1710.0,Trade,Repatriated,101,332,30.42
1710.0,Trade,Unknown / unclear,10,332,3.01
1710.0,Unknown,Chamber,10,455,2.2
1710.0,Unknown,Death,175,455,38.46
1710.0,Unknown,Other,4,455,0.88
1710.0,Unknown,Repatriated,135,455,29.67
1710.0,Unknown,Unknown / unclear,131,455,28.79
1720.0,Medical,Chamber,23,1084,2.12
1720.0,Medical,Death,332,1084,30.63
1720.0,Medical,Irregular exit,3,1084,0.28
1720.0,Medical,Other,16,1084,1.48
1720.0,Medical,Repatriated,693,1084,63.93
1720.0,Medical,Unknown / unclear,17,1084,1.57
1720.0,Military,Chamber,1486,26063,5.7
1720.0,Military,Death,16493,26063,63.28
1720.0,Military,Irregular exit,624,26063,2.39
1720.0,Military,Other,372,26063,1.43
1720.0,Military,Repatriated,6316,26063,24.23
1720.0,Military,Unknown / unclear,772,26063,2.96
1720.0,Other,Chamber,56,1227,4.56
1720.0,Other,Death,571,1227,46.54
1720.0,Other,Irregular exit,12,1227,0.98
1720.0,Other,Other,14,1227,1.14
1720.0,Other,Repatriated,541,1227,44.09
1720.0,Other,Unknown / unclear,33,1227,2.69
1720.0,Sea,Chamber,2000,37403,5.35
1720.0,Sea,Death,13775,37403,36.83
1720.0,Sea,Irregular exit,759,37403,2.03
1720.0,Sea,Other,244,37403,0.65
1720.0,Sea,Repatriated,18836,37403,50.36
1720.0,Sea,Unknown / unclear,1789,37403,4.78
1720.0,Ship,Chamber,242,6571,3.68
1720.0,Ship,Death,2686,6571,40.88
1720.0,Ship,Irregular exit,64,6571,0.97
1720.0,Ship,Other,20,6571,0.3
1720.0,Ship,Repatriated,3348,6571,50.95
1720.0,Ship,Unknown / unclear,211,6571,3.21
1720.0,Trade,Chamber,14,363,3.86
1720.0,Trade,Death,208,363,57.3
1720.0,Trade,Irregular exit,2,363,0.55
1720.0,Trade,Other,6,363,1.65
1720.0,Trade,Repatriated,117,363,32.23
1720.0,Trade,Unknown / unclear,16,363,4.41
1720.0,Unknown,Chamber,8,546,1.47
1720.0,Unknown,Death,124,546,22.71
1720.0,Unknown,Irregular exit,4,546,0.73
1720.0,Unknown,Other,4,546,0.73
1720.0,Unknown,Repatriated,101,546,18.5
1720.0,Unknown,Unknown / unclear,305,546,55.86
1730.0,Medical,Chamber,42,1136,3.7
1730.0,Medical,Death,407,1136,35.83
1730.0,Medical,Irregular exit,4,1136,0.35
1730.0,Medical,Other,21,1136,1.85
1730.0,Medical,Repatriated,647,1136,56.95
1730.0,Medical,Unknown / unclear,15,1136,1.32
1730.0,Military,Chamber,1761,26062,6.76
1730.0,Military,Death,18814,26062,72.19
1730.0,Military,Irregular exit,592,26062,2.27
1730.0,Military,Other,417,26062,1.6
1730.0,Military,Repatriated,3697,26062,14.19
1730.0,Military,Unknown / unclear,781,26062,3.0
1730.0,Other,Chamber,188,3039,6.19
1730.0,Other,Death,1848,3039,60.81
1730.0,Other,Irregular exit,36,3039,1.18
1730.0,Other,Other,42,3039,1.38
1730.0,Other,Repatriated,822,3039,27.05
1730.0,Other,Unknown / unclear,103,3039,3.39
1730.0,Sea,Chamber,2483,43671,5.69
1730.0,Sea,Death,20012,43671,45.82
1730.0,Sea,Irregular exit,1060,43671,2.43
1730.0,Sea,Other,263,43671,0.6
1730.0,Sea,Repatriated,18236,43671,41.76
1730.0,Sea,Unknown / unclear,1617,43671,3.7
1730.0,Ship,Chamber,307,6509,4.72
1730.0,Ship,Death,3151,6509,48.41
1730.0,Ship,Irregular exit,74,6509,1.14
1730.0,Ship,Other,40,6509,0.61
1730.0,Ship,Repatriated,2783,6509,42.76
1730.0,Ship,Unknown / unclear,154,6509,2.37
1730.0,Trade,Chamber,16,389,4.11
1730.0,Trade,Death,226,389,58.1
1730.0,Trade,Irregular exit,3,389,0.77
1730.0,Trade,Other,9,389,2.31
1730.0,Trade,Repatriated,121,389,31.11
1730.0,Trade,Unknown / unclear,14,389,3.6
1730.0,Unknown,Chamber,8,75,10.67
1730.0,Unknown,Death,40,75,53.33
1730.0,Unknown,Irregular exit,3,75,4.0
1730.0,Unknown,Other,2,75,2.67
1730.0,Unknown,Repatriated,17,75,22.67
1730.0,Unknown,Unknown / unclear,5,75,6.67
1740.0,Medical,Chamber,46,956,4.81
1740.0,Medical,Death,423,956,44.25
1740.0,Medical,Irregular exit,12,956,1.26
1740.0,Medical,Other,20,956,2.09
1740.0,Medical,Repatriated,434,956,45.4
1740.0,Medical,Unknown / unclear,21,956,2.2
1740.0,Military,Chamber,2145,31117,6.89
1740.0,Military,Death,22647,31117,72.78
1740.0,Military,Irregular exit,1004,31117,3.23
1740.0,Military,Other,701,31117,2.25
1740.0,Military,Repatriated,2787,31117,8.96
1740.0,Military,Unknown / unclear,1833,31117,5.89
1740.0,Other,Chamber,84,1991,4.22
1740.0,Other,Death,1320,1991,66.3
1740.0,Other,Irregular exit,41,1991,2.06
1740.0,Other,Other,32,1991,1.61
1740.0,Other,Repatriated,429,1991,21.55
1740.0,Other,Unknown / unclear,85,1991,4.27
1740.0,Sea,Chamber,1931,37620,5.13
1740.0,Sea,Death,17332,37620,46.07
1740.0,Sea,Irregular exit,1207,37620,3.21
1740.0,Sea,Other,639,37620,1.7
1740.0,Sea,Repatriated,14478,37620,38.48
1740.0,Sea,Unknown / unclear,2033,37620,5.4
1740.0,Ship,Chamber,203,5314,3.82
1740.0,Ship,Death,3050,5314,57.4
1740.0,Ship,Irregular exit,86,5314,1.62
1740.0,Ship,Other,65,5314,1.22
1740.0,Ship,Repatriated,1710,5314,32.18
1740.0,Ship,Unknown / unclear,200,5314,3.76
1740.0,Trade,Chamber,12,298,4.03
1740.0,Trade,Death,205,298,68.79
1740.0,Trade,Irregular exit,4,298,1.34
1740.0,Trade,Other,9,298,3.02
1740.0,Trade,Repatriated,60,298,20.13
1740.0,Trade,Unknown / unclear,8,298,2.68
1740.0,Unknown,Chamber,6,87,6.9
1740.0,Unknown,Death,50,87,57.47
1740.0,Unknown,Irregular exit,9,87,10.34
1740.0,Unknown,Other,6,87,6.9
1740.0,Unknown,Repatriated,14,87,16.09
1740.0,Unknown,Unknown / unclear,2,87,2.3
1750.0,Medical,Chamber,31,914,3.39
1750.0,Medical,Death,363,914,39.72
1750.0,Medical,Irregular exit,4,914,0.44
1750.0,Medical,Other,11,914,1.2
1750.0,Medical,Repatriated,484,914,52.95
1750.0,Medical,Unknown / unclear,21,914,2.3
1750.0,Military,Chamber,1756,31322,5.61
1750.0,Military,Death,21665,31322,69.17
1750.0,Military,Irregular exit,1095,31322,3.5
1750.0,Military,Other,867,31322,2.77
1750.0,Military,Repatriated,3339,31322,10.66
1750.0,Military,Unknown / unclear,2600,31322,8.3
1750.0,Other,Chamber,102,2476,4.12
1750.0,Other,Death,1539,2476,62.16
1750.0,Other,Irregular exit,59,2476,2.38
1750.0,Other,Other,75,2476,3.03
1750.0,Other,Repatriated,552,2476,22.29
1750.0,Other,Unknown / unclear,149,2476,6.02
1750.0,Sea,Chamber,2008,44630,4.5
1750.0,Sea,Death,19847,44630,44.47
1750.0,Sea,Irregular exit,1323,44630,2.96
1750.0,Sea,Other,1230,44630,2.76
1750.0,Sea,Repatriated,17942,44630,40.2
1750.0,Sea,Unknown / unclear,2280,44630,5.11
1750.0,Ship,Chamber,174,5353,3.25
1750.0,Ship,Death,2905,5353,54.27
1750.0,Ship,Irregular exit,66,5353,1.23
1750.0,Ship,Other,63,5353,1.18
1750.0,Ship,Repatriated,1935,5353,36.15
1750.0,Ship,Unknown / unclear,210,5353,3.92
1750.0,Trade,Chamber,21,334,6.29
1750.0,Trade,Death,208,334,62.28
1750.0,Trade,Irregular exit,5,334,1.5
1750.0,Trade,Other,5,334,1.5
1750.0,Trade,Repatriated,80,334,23.95
1750.0,Trade,Unknown / unclear,15,334,4.49
1750.0,Unknown,Chamber,17,107,15.89
1750.0,Unknown,Death,42,107,39.25
1750.0,Unknown,Irregular exit,2,107,1.87
1750.0,Unknown,Other,28,107,26.17
1750.0,Unknown,Repatriated,12,107,11.21
1750.0,Unknown,Unknown / unclear,6,107,5.61
1760.0,Medical,Chamber,38,932,4.08
1760.0,Medical,Death,346,932,37.12
1760.0,Medical,Irregular exit,2,932,0.21
1760.0,Medical,Other,8,932,0.86
1760.0,Medical,Repatriated,520,932,55.79
1760.0,Medical,Unknown / unclear,18,932,1.93
1760.0,Military,Chamber,2950,32458,9.09
1760.0,Military,Death,22412,32458,69.05
1760.0,Military,Irregular exit,1099,32458,3.39
1760.0,Military,Other,1126,32458,3.47
1760.0,Military,Repatriated,3121,32458,9.62
1760.0,Military,Unknown / unclear,1750,32458,5.39
1760.0,Other,Chamber,160,2645,6.05
1760.0,Other,Death,1787,2645,67.56
1760.0,Other,Irregular exit,67,2645,2.53
1760.0,Other,Other,59,2645,2.23
1760.0,Other,Repatriated,471,2645,17.81
1760.0,Other,Unknown / unclear,101,2645,3.82
1760.0,Sea,Chamber,3539,51798,6.83
1760.0,Sea,Death,24805,51798,47.89
1760.0,Sea,Irregular exit,1370,51798,2.64
1760.0,Sea,Other,1459,51798,2.82
1760.0,Sea,Repatriated,18287,51798,35.3
1760.0,Sea,Unknown / unclear,2338,51798,4.51
1760.0,Ship,Chamber,296,6237,4.75
1760.0,Ship,Death,3461,6237,55.49
1760.0,Ship,Irregular exit,135,6237,2.16
1760.0,Ship,Other,138,6237,2.21
1760.0,Ship,Repatriated,2049,6237,32.85
1760.0,Ship,Unknown / unclear,158,6237,2.53
1760.0,Trade,Chamber,19,250,7.6
1760.0,Trade,Death,129,250,51.6
1760.0,Trade,Irregular exit,8,250,3.2
1760.0,Trade,Other,6,250,2.4
1760.0,Trade,Repatriated,77,250,30.8
1760.0,Trade,Unknown / unclear,11,250,4.4
1760.0,Unknown,Chamber,14,83,16.87
1760.0,Unknown,Death,23,83,27.71
1760.0,Unknown,Irregular exit,1,83,1.2
1760.0,Unknown,Other,19,83,22.89
1760.0,Unknown,Repatriated,17,83,20.48
1760.0,Unknown,Unknown / unclear,9,83,10.84
1770.0,Medical,Chamber,47,1090,4.31
1770.0,Medical,Death,514,1090,47.16
1770.0,Medical,Irregular exit,12,1090,1.1
1770.0,Medical,Other,25,1090,2.29
1770.0,Medical,Repatriated,462,1090,42.39
1770.0,Medical,Unknown / unclear,30,1090,2.75
1770.0,Military,Chamber,3334,26665,12.5
1770.0,Military,Death,18355,26665,68.84
1770.0,Military,Irregular exit,547,26665,2.05
1770.0,Military,Other,1412,26665,5.3
1770.0,Military,Repatriated,1799,26665,6.75
1770.0,Military,Unknown / unclear,1218,26665,4.57
1770.0,Other,Chamber,251,3067,8.18
1770.0,Other,Death,2230,3067,72.71
1770.0,Other,Irregular exit,42,3067,1.37
1770.0,Other,Other,123,3067,4.01
1770.0,Other,Repatriated,326,3067,10.63
1770.0,Other,Unknown / unclear,95,3067,3.1
1770.0,Sea,Chamber,4047,50972,7.94
1770.0,Sea,Death,24361,50972,47.79
1770.0,Sea,Irregular exit,1304,50972,2.56
1770.0,Sea,Other,2447,50972,4.8
1770.0,Sea,Repatriated,16546,50972,32.46
1770.0,Sea,Unknown / unclear,2267,50972,4.45
1770.0,Ship,Chamber,337,5906,5.71
1770.0,Ship,Death,3459,5906,58.57
1770.0,Ship,Irregular exit,52,5906,0.88
1770.0,Ship,Other,191,5906,3.23
1770.0,Ship,Repatriated,1716,5906,29.06
1770.0,Ship,Unknown / unclear,151,5906,2.56
1770.0,Trade,Chamber,20,194,10.31
1770.0,Trade,Death,113,194,58.25
1770.0,Trade,Other,6,194,3.09
1770.0,Trade,Repatriated,37,194,19.07
1770.0,Trade,Unknown / unclear,18,194,9.28
1770.0,Unknown,Chamber,33,82,40.24
1770.0,Unknown,Death,23,82,28.05
1770.0,Unknown,Other,20,82,24.39
1770.0,Unknown,Repatriated,4,82,4.88
1770.0,Unknown,Unknown / unclear,2,82,2.44
1780.0,Medical,Chamber,55,927,5.93
1780.0,Medical,Death,407,927,43.91
1780.0,Medical,Irregular exit,10,927,1.08
1780.0,Medical,Other,45,927,4.85
1780.0,Medical,Repatriated,265,927,28.59
1780.0,Medical,Unknown / unclear,145,927,15.64
1780.0,Military,Chamber,2095,23387,8.96
1780.0,Military,Death,10277,23387,43.94
1780.0,Military,Irregular exit,592,23387,2.53
1780.0,Military,Other,1785,23387,7.63
1780.0,Military,Repatriated,1256,23387,5.37
1780.0,Military,Unknown / unclear,7382,23387,31.56
1780.0,Other,Chamber,102,1455,7.01
1780.0,Other,Death,795,1455,54.64
1780.0,Other,Irregular exit,24,1455,1.65
1780.0,Other,Other,89,1455,6.12
1780.0,Other,Repatriated,122,1455,8.38
1780.0,Other,Unknown / unclear,323,1455,22.2
1780.0,Sea,Chamber,3058,37175,8.23
1780.0,Sea,Death,16126,37175,43.38
1780.0,Sea,Irregular exit,1614,37175,4.34
1780.0,Sea,Other,3345,37175,9.0
1780.0,Sea,Repatriated,7922,37175,21.31
1780.0,Sea,Unknown / unclear,5110,37175,13.75
1780.0,Ship,Chamber,291,4631,6.28
1780.0,Ship,Death,2754,4631,59.47
1780.0,Ship,Irregular exit,102,4631,2.2
1780.0,Ship,Other,236,4631,5.1
1780.0,Ship,Repatriated,874,4631,18.87
1780.0,Ship,Unknown / unclear,374,4631,8.08
1780.0,Trade,Chamber,24,185,12.97
1780.0,Trade,Death,89,185,48.11
1780.0,Trade,Irregular exit,8,185,4.32
1780.0,Trade,Other,11,185,5.95
1780.0,Trade,Repatriated,18,185,9.73
1780.0,Trade,Unknown / unclear,35,185,18.92
1780.0,Unknown,Chamber,61,325,18.77
1780.0,Unknown,Death,74,325,22.77
1780.0,Unknown,Irregular exit,17,325,5.23
1780.0,Unknown,Other,46,325,14.15
1780.0,Unknown,Repatriated,13,325,4.0
1780.0,Unknown,Unknown / unclear,114,325,35.08
