decade,rank_parent,all_records_n,identifiable_records_n,unidentifiable_records_n,first_contracts_n,deaths_n,repatriated_n,death_repatriated_n,all_records_share_within_decade,identifiable_records_share_within_decade,unidentifiable_records_share_within_decade,first_contract_share_within_decade,death_share_within_decade,repatriated_share_within_decade,death_repatriated_share_within_decade,first_contract_minus_death_share,first_contract_minus_repatriated_share,first_contract_minus_death_repatriated_share,all_records_minus_death_share,all_records_minus_repatriated_share,all_records_minus_death_repatriated_share
1700.0,Sea,19220,19220,0,17072,7558,8758,16316,49.74,49.74,,49.03,43.45,54.95,48.95,5.58,-5.92,0.08,6.29,-5.21,0.79
1700.0,Military,13617,13617,0,12717,7380,4385,11765,35.24,35.24,,36.52,42.43,27.51,35.3,-5.91,9.01,1.22,-7.19,7.73,-0.06
1700.0,Ship,3982,3982,0,3372,1697,1999,3696,10.31,10.31,,9.68,9.76,12.54,11.09,-0.08,-2.86,-1.41,0.55,-2.23,-0.78
1700.0,Other,545,545,0,500,249,227,476,1.41,1.41,,1.44,1.43,1.42,1.43,0.01,0.02,0.01,-0.02,-0.01,-0.02
1700.0,Medical,641,641,0,552,259,347,606,1.66,1.66,,1.59,1.49,2.18,1.82,0.1,-0.59,-0.23,0.17,-0.52,-0.16
1700.0,Trade,242,242,0,227,133,68,201,0.63,0.63,,0.65,0.76,0.43,0.6,-0.11,0.22,0.05,-0.13,0.2,0.03
1700.0,Unknown,394,394,0,383,118,154,272,1.02,1.02,,1.1,0.68,0.97,0.82,0.42,0.13,0.28,0.34,0.05,0.2
1710.0,Sea,26964,26964,0,21589,10215,14086,24301,53.96,53.96,,51.75,44.87,63.23,53.95,6.88,-11.48,-2.2,9.09,-9.27,0.01
1710.0,Military,16432,16432,0,15132,9898,4679,14577,32.88,32.88,,36.27,43.47,21.0,32.36,-7.2,15.27,3.91,-10.59,11.88,0.52
1710.0,Ship,4533,4533,0,3390,1785,2497,4282,9.07,9.07,,8.13,7.84,11.21,9.51,0.29,-3.08,-1.38,1.23,-2.14,-0.44
1710.0,Other,667,667,0,548,307,306,613,1.33,1.33,,1.31,1.35,1.37,1.36,-0.04,-0.06,-0.05,-0.02,-0.04,-0.03
1710.0,Medical,800,800,0,588,252,507,759,1.6,1.6,,1.41,1.11,2.28,1.69,0.3,-0.87,-0.28,0.49,-0.68,-0.09
1710.0,Trade,301,301,0,255,169,96,265,0.6,0.6,,0.61,0.74,0.43,0.59,-0.13,0.18,0.02,-0.14,0.17,0.01
1710.0,Unknown,274,274,0,216,142,105,247,0.55,0.55,,0.52,0.62,0.47,0.55,-0.1,0.05,-0.03,-0.07,0.08,0.0
1720.0,Sea,29397,29397,0,22153,11244,15012,26256,52.62,52.62,,49.18,42.27,64.02,52.46,6.91,-14.84,-3.28,10.35,-11.4,0.16
1720.0,Military,18737,18737,0,17244,12043,4524,16567,33.54,33.54,,38.28,45.28,19.29,33.1,-7.0,18.99,5.18,-11.74,14.25,0.44
1720.0,Ship,5272,5272,0,3736,2258,2677,4935,9.44,9.44,,8.29,8.49,11.42,9.86,-0.2,-3.13,-1.57,0.95,-1.98,-0.42
1720.0,Other,991,991,0,819,461,453,914,1.77,1.77,,1.82,1.73,1.93,1.83,0.09,-0.11,-0.01,0.04,-0.16,-0.06
1720.0,Medical,931,931,0,646,300,588,888,1.67,1.67,,1.43,1.13,2.51,1.77,0.3,-1.08,-0.34,0.54,-0.84,-0.1
1720.0,Trade,325,325,0,265,187,106,293,0.58,0.58,,0.59,0.7,0.45,0.59,-0.11,0.14,0.0,-0.12,0.13,-0.01
1720.0,Unknown,210,210,0,180,105,88,193,0.38,0.38,,0.4,0.39,0.38,0.39,0.01,0.02,0.01,-0.01,0.0,-0.01
1730.0,Sea,33850,33850,0,26148,15852,14052,29904,56.38,56.38,,53.6,47.75,70.52,56.29,5.85,-16.92,-2.69,8.63,-14.14,0.09
1730.0,Military,17609,17609,0,16167,12836,2570,15406,29.33,29.33,,33.14,38.67,12.9,29.0,-5.53,20.24,4.14,-9.34,16.43,0.33
1730.0,Ship,5012,5012,0,3549,2511,2092,4603,8.35,8.35,,7.28,7.56,10.5,8.66,-0.28,-3.22,-1.38,0.79,-2.15,-0.31
1730.0,Other,2251,2251,0,1959,1418,584,2002,3.75,3.75,,4.02,4.27,2.93,3.77,-0.25,1.09,0.25,-0.52,0.82,-0.02
1730.0,Medical,920,920,0,619,342,516,858,1.53,1.53,,1.27,1.03,2.59,1.62,0.24,-1.32,-0.35,0.5,-1.06,-0.09
1730.0,Trade,341,341,0,293,208,100,308,0.57,0.57,,0.6,0.63,0.5,0.58,-0.03,0.1,0.02,-0.06,0.07,-0.01
1730.0,Unknown,52,52,0,48,29,13,42,0.09,0.09,,0.1,0.09,0.07,0.08,0.01,0.03,0.02,0.0,0.02,0.01
1740.0,Sea,29496,29496,0,23535,14007,11170,25177,50.8,50.8,,47.57,41.1,73.21,51.03,6.47,-25.64,-3.46,9.7,-22.41,-0.23
1740.0,Military,21826,21826,0,20528,16058,2032,18090,37.59,37.59,,41.49,47.12,13.32,36.67,-5.63,28.17,4.82,-9.53,24.27,0.92
1740.0,Ship,4205,4205,0,3270,2470,1325,3795,7.24,7.24,,6.61,7.25,8.68,7.69,-0.64,-2.07,-1.08,-0.01,-1.44,-0.45
1740.0,Other,1456,1456,0,1301,983,314,1297,2.51,2.51,,2.63,2.88,2.06,2.63,-0.25,0.57,0.0,-0.37,0.45,-0.12
1740.0,Medical,765,765,0,553,343,355,698,1.32,1.32,,1.12,1.01,2.33,1.41,0.11,-1.21,-0.29,0.31,-1.01,-0.09
1740.0,Trade,260,260,0,236,183,54,237,0.45,0.45,,0.48,0.54,0.35,0.48,-0.06,0.13,0.0,-0.09,0.1,-0.03
1740.0,Unknown,60,60,0,54,36,8,44,0.1,0.1,,0.11,0.11,0.05,0.09,0.0,0.06,0.02,-0.01,0.05,0.01
1750.0,Sea,34680,34680,0,27465,15626,14016,29642,56.61,56.61,,53.07,47.11,75.74,57.36,5.96,-22.67,-4.29,9.5,-19.13,-0.75
1750.0,Military,19518,19518,0,18604,13585,2109,15694,31.86,31.86,,35.94,40.96,11.4,30.37,-5.02,24.54,5.57,-9.1,20.46,1.49
1750.0,Ship,4193,4193,0,3208,2331,1503,3834,6.84,6.84,,6.2,7.03,8.12,7.42,-0.83,-1.92,-1.22,-0.19,-1.28,-0.58
1750.0,Other,1756,1756,0,1593,1108,410,1518,2.87,2.87,,3.08,3.34,2.22,2.94,-0.26,0.86,0.14,-0.47,0.65,-0.07
1750.0,Medical,741,741,0,543,300,391,691,1.21,1.21,,1.05,0.9,2.11,1.34,0.15,-1.06,-0.29,0.31,-0.9,-0.13
1750.0,Trade,297,297,0,272,190,69,259,0.48,0.48,,0.53,0.57,0.37,0.5,-0.04,0.16,0.03,-0.09,0.11,-0.02
1750.0,Unknown,74,74,0,72,30,8,38,0.12,0.12,,0.14,0.09,0.04,0.07,0.05,0.1,0.07,0.03,0.08,0.05
1760.0,Sea,39836,39836,0,31300,19420,14169,33589,59.1,59.1,,56.1,51.4,76.5,59.65,4.7,-20.4,-3.55,7.7,-17.4,-0.55
1760.0,Military,19787,19787,0,18499,13870,1957,15827,29.36,29.36,,33.15,36.71,10.57,28.11,-3.56,22.58,5.04,-7.35,18.79,1.25
1760.0,Ship,4853,4853,0,3620,2784,1548,4332,7.2,7.2,,6.49,7.37,8.36,7.69,-0.88,-1.87,-1.2,-0.17,-1.16,-0.49
1760.0,Other,1880,1880,0,1659,1285,336,1621,2.79,2.79,,2.97,3.4,1.81,2.88,-0.43,1.16,0.09,-0.61,0.98,-0.09
1760.0,Medical,786,786,0,505,295,441,736,1.17,1.17,,0.91,0.78,2.38,1.31,0.13,-1.47,-0.4,0.39,-1.21,-0.14
1760.0,Trade,212,212,0,170,115,59,174,0.31,0.31,,0.3,0.3,0.32,0.31,0.0,-0.02,-0.01,0.01,-0.01,0.0
1760.0,Unknown,50,50,0,44,16,11,27,0.07,0.07,,0.08,0.04,0.06,0.05,0.04,0.02,0.03,0.03,0.01,0.02
1770.0,Sea,38464,38464,0,29588,18625,12730,31355,61.58,61.58,,58.83,53.48,80.39,61.89,5.35,-21.56,-3.06,8.1,-18.81,-0.31
1770.0,Military,16046,16046,0,14554,11228,1124,12352,25.69,25.69,,28.94,32.24,7.1,24.38,-3.3,21.84,4.56,-6.55,18.59,1.31
1770.0,Ship,4666,4666,0,3423,2818,1342,4160,7.47,7.47,,6.81,8.09,8.47,8.21,-1.28,-1.66,-1.4,-0.62,-1.0,-0.74
1770.0,Other,2194,2194,0,1941,1621,235,1856,3.51,3.51,,3.86,4.65,1.48,3.66,-0.79,2.38,0.2,-1.14,2.03,-0.15
1770.0,Medical,875,875,0,600,419,368,787,1.4,1.4,,1.19,1.2,2.32,1.55,-0.01,-1.13,-0.36,0.2,-0.92,-0.15
1770.0,Trade,172,172,0,149,99,34,133,0.28,0.28,,0.3,0.28,0.21,0.26,0.02,0.09,0.04,0.0,0.07,0.02
1770.0,Unknown,49,49,0,38,17,3,20,0.08,0.08,,0.08,0.05,0.02,0.04,0.03,0.06,0.04,0.03,0.06,0.04
1780.0,Sea,26852,26852,0,23216,12080,5900,17980,62.11,62.11,,61.04,57.15,77.2,62.48,3.89,-16.16,-1.44,4.96,-15.09,-0.37
1780.0,Military,10897,10897,0,10234,5837,732,6569,25.2,25.2,,26.91,27.62,9.58,22.83,-0.71,17.33,4.08,-2.42,15.62,2.37
1780.0,Ship,3571,3571,0,2942,2200,678,2878,8.26,8.26,,7.73,10.41,8.87,10.0,-2.68,-1.14,-2.27,-2.15,-0.61,-1.74
1780.0,Other,907,907,0,820,575,93,668,2.1,2.1,,2.16,2.72,1.22,2.32,-0.56,0.94,-0.16,-0.62,0.88,-0.22
1780.0,Medical,696,696,0,546,318,215,533,1.61,1.61,,1.44,1.5,2.81,1.85,-0.06,-1.37,-0.41,0.11,-1.2,-0.24
1780.0,Trade,166,166,0,142,80,15,95,0.38,0.38,,0.37,0.38,0.2,0.33,-0.01,0.17,0.04,0.0,0.18,0.05
1780.0,Unknown,147,147,0,136,46,9,55,0.34,0.34,,0.36,0.22,0.12,0.19,0.14,0.24,0.17,0.12,0.22,0.15
